{"Throughput": {"Total Data (MB)": 16.520617485046387, "Total Time (s)": 0.4628778355121613, "Throughput (MB/s)": 35.69109647854879}, "Latencies": {"Min": 0.1925821304321289, "P50": 0.21994388103485107, "P75": 0.2299882173538208, "P90": 0.24855360984802247, "P99": 0.3763631057739258, "Max": 1.9024815559387207, "Median": 0.21994388103485107, "StdDev": 0.05386964399716983}}